PassengerId,Age,Fare,Sex,sibsp,Survived,Pclass,Embarked
1,22,7.25,male,1,0,3,S
2,38,71.2833,female,1,1,1,C
3,26,7.925,female,0,1,3,S
4,35,53.1,female,1,1,1,S
5,35,8.05,male,0,0,3,S
6,28,8.4583,male,0,0,3,Q
7,54,51.8625,male,0,0,1,S
8,2,21.075,male,3,0,3,S
9,27,11.1333,female,0,1,3,S
10,14,30.0708,female,1,1,2,C
11,4,16.7,female,1,1,3,S
12,58,26.55,female,0,1,1,S
13,20,8.05,male,0,0,3,S
14,39,31.275,male,1,0,3,S
15,14,7.8542,female,0,0,3,S
16,55,16,female,0,1,2,S
17,2,29.125,male,4,0,3,Q
18,28,13,male,0,1,2,S
19,31,18,female,1,0,3,S
20,28,7.225,female,0,1,3,C
21,35,26,male,0,0,2,S
22,34,13,male,0,1,2,S
23,15,8.0292,female,0,1,3,Q
24,28,35.5,male,0,1,1,S
25,8,21.075,female,3,0,3,S
26,38,31.3875,female,1,1,3,S
27,28,7.225,male,0,0,3,C
28,19,263,male,3,0,1,S
29,28,7.8792,female,0,1,3,Q
30,28,7.8958,male,0,0,3,S
31,40,27.7208,male,0,0,1,C
32,28,146.5208,female,1,1,1,C
33,28,7.75,female,0,1,3,Q
34,66,10.5,male,0,0,2,S
35,28,82.1708,male,1,0,1,C
36,42,52,male,1,0,1,S
37,28,7.2292,male,0,1,3,C
38,21,8.05,male,0,0,3,S
39,18,18,female,2,0,3,S
40,14,11.2417,female,1,1,3,C
41,40,9.475,female,1,0,3,S
42,27,21,female,1,0,2,S
43,28,7.8958,male,0,0,3,C
44,3,41.5792,female,1,1,2,C
45,19,7.8792,female,0,1,3,Q
46,28,8.05,male,0,0,3,S
47,28,15.5,male,1,0,3,Q
48,28,7.75,female,0,1,3,Q
49,28,21.6792,male,2,0,3,C
50,18,17.8,female,1,0,3,S
51,7,39.6875,male,4,0,3,S
52,21,7.8,male,0,0,3,S
53,49,76.7292,female,1,1,1,C
54,29,26,female,1,1,2,S
55,65,61.9792,male,0,0,1,C
56,28,35.5,male,0,1,1,S
57,21,10.5,female,0,1,2,S
58,28.5,7.2292,male,0,0,3,C
59,5,27.75,female,1,1,2,S
60,11,46.9,male,5,0,3,S
61,22,7.2292,male,0,0,3,C
62,38,80,female,0,1,1,
63,45,83.475,male,1,0,1,S
64,4,27.9,male,3,0,3,S
65,28,27.7208,male,0,0,1,C
66,28,15.2458,male,1,1,3,C
67,29,10.5,female,0,1,2,S
68,19,8.1583,male,0,0,3,S
69,17,7.925,female,4,1,3,S
70,26,8.6625,male,2,0,3,S
71,32,10.5,male,0,0,2,S
72,16,46.9,female,5,0,3,S
73,21,73.5,male,0,0,2,S
74,26,14.4542,male,1,0,3,C
75,32,56.4958,male,0,1,3,S
76,25,7.65,male,0,0,3,S
77,28,7.8958,male,0,0,3,S
78,28,8.05,male,0,0,3,S
79,0.83,29,male,0,1,2,S
80,30,12.475,female,0,1,3,S
81,22,9,male,0,0,3,S
82,29,9.5,male,0,1,3,S
83,28,7.7875,female,0,1,3,Q
84,28,47.1,male,0,0,1,S
85,17,10.5,female,0,1,2,S
86,33,15.85,female,3,1,3,S
87,16,34.375,male,1,0,3,S
88,28,8.05,male,0,0,3,S
89,23,263,female,3,1,1,S
90,24,8.05,male,0,0,3,S
91,29,8.05,male,0,0,3,S
92,20,7.8542,male,0,0,3,S
93,46,61.175,male,1,0,1,S
94,26,20.575,male,1,0,3,S
95,59,7.25,male,0,0,3,S
96,28,8.05,male,0,0,3,S
97,71,34.6542,male,0,0,1,C
98,23,63.3583,male,0,1,1,C
99,34,23,female,0,1,2,S
100,34,26,male,1,0,2,S
101,28,7.8958,female,0,0,3,S
102,28,7.8958,male,0,0,3,S
103,21,77.2875,male,0,0,1,S
104,33,8.6542,male,0,0,3,S
105,37,7.925,male,2,0,3,S
106,28,7.8958,male,0,0,3,S
107,21,7.65,female,0,1,3,S
108,28,7.775,male,0,1,3,S
109,38,7.8958,male,0,0,3,S
110,28,24.15,female,1,1,3,Q
111,47,52,male,0,0,1,S
112,14.5,14.4542,female,1,0,3,C
113,22,8.05,male,0,0,3,S
114,20,9.825,female,1,0,3,S
115,17,14.4583,female,0,0,3,C
116,21,7.925,male,0,0,3,S
117,70.5,7.75,male,0,0,3,Q
118,29,21,male,1,0,2,S
119,24,247.5208,male,0,0,1,C
120,2,31.275,female,4,0,3,S
121,21,73.5,male,2,0,2,S
122,28,8.05,male,0,0,3,S
123,32.5,30.0708,male,1,0,2,C
124,32.5,13,female,0,1,2,S
125,54,77.2875,male,0,0,1,S
126,12,11.2417,male,1,1,3,C
127,28,7.75,male,0,0,3,Q
128,24,7.1417,male,0,1,3,S
129,28,22.3583,female,1,1,3,C
130,45,6.975,male,0,0,3,S
131,33,7.8958,male,0,0,3,C
132,20,7.05,male,0,0,3,S
133,47,14.5,female,1,0,3,S
134,29,26,female,1,1,2,S
135,25,13,male,0,0,2,S
136,23,15.0458,male,0,0,2,C
137,19,26.2833,female,0,1,1,S
138,37,53.1,male,1,0,1,S
139,16,9.2167,male,0,0,3,S
140,24,79.2,male,0,0,1,C
141,28,15.2458,female,0,0,3,C
142,22,7.75,female,0,1,3,S
143,24,15.85,female,1,1,3,S
144,19,6.75,male,0,0,3,Q
145,18,11.5,male,0,0,2,S
146,19,36.75,male,1,0,2,S
147,27,7.7958,male,0,1,3,S
148,9,34.375,female,2,0,3,S
149,36.5,26,male,0,0,2,S
150,42,13,male,0,0,2,S
151,51,12.525,male,0,0,2,S
152,22,66.6,female,1,1,1,S
153,55.5,8.05,male,0,0,3,S
154,40.5,14.5,male,0,0,3,S
155,28,7.3125,male,0,0,3,S
156,51,61.3792,male,0,0,1,C
157,16,7.7333,female,0,1,3,Q
158,30,8.05,male,0,0,3,S
159,28,8.6625,male,0,0,3,S
160,28,69.55,male,8,0,3,S
161,44,16.1,male,0,0,3,S
162,40,15.75,female,0,1,2,S
163,26,7.775,male,0,0,3,S
164,17,8.6625,male,0,0,3,S
165,1,39.6875,male,4,0,3,S
166,9,20.525,male,0,1,3,S
167,28,55,female,0,1,1,S
168,45,27.9,female,1,0,3,S
169,28,25.925,male,0,0,1,S
170,28,56.4958,male,0,0,3,S
171,61,33.5,male,0,0,1,S
172,4,29.125,male,4,0,3,Q
173,1,11.1333,female,1,1,3,S
174,21,7.925,male,0,0,3,S
175,56,30.6958,male,0,0,1,C
176,18,7.8542,male,1,0,3,S
177,28,25.4667,male,3,0,3,S
178,50,28.7125,female,0,0,1,C
179,30,13,male,0,0,2,S
180,36,0,male,0,0,3,S
181,28,69.55,female,8,0,3,S
182,28,15.05,male,0,0,2,C
183,9,31.3875,male,4,0,3,S
184,1,39,male,2,1,2,S
185,4,22.025,female,0,1,3,S
186,28,50,male,0,0,1,S
187,28,15.5,female,1,1,3,Q
188,45,26.55,male,0,1,1,S
189,40,15.5,male,1,0,3,Q
190,36,7.8958,male,0,0,3,S
191,32,13,female,0,1,2,S
192,19,13,male,0,0,2,S
193,19,7.8542,female,1,1,3,S
194,3,26,male,1,1,2,S
195,44,27.7208,female,0,1,1,C
196,58,146.5208,female,0,1,1,C
197,28,7.75,male,0,0,3,Q
198,42,8.4042,male,0,0,3,S
199,28,7.75,female,0,1,3,Q
200,24,13,female,0,0,2,S
201,28,9.5,male,0,0,3,S
202,28,69.55,male,8,0,3,S
203,34,6.4958,male,0,0,3,S
204,45.5,7.225,male,0,0,3,C
205,18,8.05,male,0,1,3,S
206,2,10.4625,female,0,0,3,S
207,32,15.85,male,1,0,3,S
208,26,18.7875,male,0,1,3,C
209,16,7.75,female,0,1,3,Q
210,40,31,male,0,1,1,C
211,24,7.05,male,0,0,3,S
212,35,21,female,0,1,2,S
213,22,7.25,male,0,0,3,S
214,30,13,male,0,0,2,S
215,28,7.75,male,1,0,3,Q
216,31,113.275,female,1,1,1,C
217,27,7.925,female,0,1,3,S
218,42,27,male,1,0,2,S
219,32,76.2917,female,0,1,1,C
220,30,10.5,male,0,0,2,S
221,16,8.05,male,0,1,3,S
222,27,13,male,0,0,2,S
223,51,8.05,male,0,0,3,S
224,28,7.8958,male,0,0,3,S
225,38,90,male,1,1,1,S
226,22,9.35,male,0,0,3,S
227,19,10.5,male,0,1,2,S
228,20.5,7.25,male,0,0,3,S
229,18,13,male,0,0,2,S
230,28,25.4667,female,3,0,3,S
231,35,83.475,female,1,1,1,S
232,29,7.775,male,0,0,3,S
233,59,13.5,male,0,0,2,S
234,5,31.3875,female,4,1,3,S
235,24,10.5,male,0,0,2,S
236,28,7.55,female,0,0,3,S
237,44,26,male,1,0,2,S
238,8,26.25,female,0,1,2,S
239,19,10.5,male,0,0,2,S
240,33,12.275,male,0,0,2,S
241,28,14.4542,female,1,0,3,C
242,28,15.5,female,1,1,3,Q
243,29,10.5,male,0,0,2,S
244,22,7.125,male,0,0,3,S
245,30,7.225,male,0,0,3,C
246,44,90,male,2,0,1,Q
247,25,7.775,female,0,0,3,S
248,24,14.5,female,0,1,2,S
249,37,52.5542,male,1,1,1,S
250,54,26,male,1,0,2,S
251,28,7.25,male,0,0,3,S
252,29,10.4625,female,1,0,3,S
253,62,26.55,male,0,0,1,S
254,30,16.1,male,1,0,3,S
255,41,20.2125,female,0,0,3,S
256,29,15.2458,female,0,1,3,C
257,28,79.2,female,0,1,1,C
258,30,86.5,female,0,1,1,S
259,35,512.3292,female,0,1,1,C
260,50,26,female,0,1,2,S
261,28,7.75,male,0,0,3,Q
262,3,31.3875,male,4,1,3,S
263,52,79.65,male,1,0,1,S
264,40,0,male,0,0,1,S
265,28,7.75,female,0,0,3,Q
266,36,10.5,male,0,0,2,S
267,16,39.6875,male,4,0,3,S
268,25,7.775,male,1,1,3,S
269,58,153.4625,female,0,1,1,S
270,35,135.6333,female,0,1,1,S
271,28,31,male,0,0,1,S
272,25,0,male,0,1,3,S
273,41,19.5,female,0,1,2,S
274,37,29.7,male,0,0,1,C
275,28,7.75,female,0,1,3,Q
276,63,77.9583,female,1,1,1,S
277,45,7.75,female,0,0,3,S
278,28,0,male,0,0,2,S
279,7,29.125,male,4,0,3,Q
280,35,20.25,female,1,1,3,S
281,65,7.75,male,0,0,3,Q
282,28,7.8542,male,0,0,3,S
283,16,9.5,male,0,0,3,S
284,19,8.05,male,0,1,3,S
285,28,26,male,0,0,1,S
286,33,8.6625,male,0,0,3,C
287,30,9.5,male,0,1,3,S
288,22,7.8958,male,0,0,3,S
289,42,13,male,0,1,2,S
290,22,7.75,female,0,1,3,Q
291,26,78.85,female,0,1,1,S
292,19,91.0792,female,1,1,1,C
293,36,12.875,male,0,0,2,C
294,24,8.85,female,0,0,3,S
295,24,7.8958,male,0,0,3,S
296,28,27.7208,male,0,0,1,C
297,23.5,7.2292,male,0,0,3,C
298,2,151.55,female,1,0,1,S
299,28,30.5,male,0,1,1,S
300,50,247.5208,female,0,1,1,C
301,28,7.75,female,0,1,3,Q
302,28,23.25,male,2,1,3,Q
303,19,0,male,0,0,3,S
304,28,12.35,female,0,1,2,Q
305,28,8.05,male,0,0,3,S
306,0.92,151.55,male,1,1,1,S
307,28,110.8833,female,0,1,1,C
308,17,108.9,female,1,1,1,C
309,30,24,male,1,0,2,C
310,30,56.9292,female,0,1,1,C
311,24,83.1583,female,0,1,1,C
312,18,262.375,female,2,1,1,C
313,26,26,female,1,0,2,S
314,28,7.8958,male,0,0,3,S
315,43,26.25,male,1,0,2,S
316,26,7.8542,female,0,1,3,S
317,24,26,female,1,1,2,S
318,54,14,male,0,0,2,S
319,31,164.8667,female,0,1,1,S
320,40,134.5,female,1,1,1,C
321,22,7.25,male,0,0,3,S
322,27,7.8958,male,0,0,3,S
323,30,12.35,female,0,1,2,Q
324,22,29,female,1,1,2,S
325,28,69.55,male,8,0,3,S
326,36,135.6333,female,0,1,1,C
327,61,6.2375,male,0,0,3,S
328,36,13,female,0,1,2,S
329,31,20.525,female,1,1,3,S
330,16,57.9792,female,0,1,1,C
331,28,23.25,female,2,1,3,Q
332,45.5,28.5,male,0,0,1,S
333,38,153.4625,male,0,0,1,S
334,16,18,male,2,0,3,S
335,28,133.65,female,1,1,1,S
336,28,7.8958,male,0,0,3,S
337,29,66.6,male,1,0,1,S
338,41,134.5,female,0,1,1,C
339,45,8.05,male,0,1,3,S
340,45,35.5,male,0,0,1,S
341,2,26,male,1,1,2,S
342,24,263,female,3,1,1,S
343,28,13,male,0,0,2,S
344,25,13,male,0,0,2,S
345,36,13,male,0,0,2,S
346,24,13,female,0,1,2,S
347,40,13,female,0,1,2,S
348,28,16.1,female,1,1,3,S
349,3,15.9,male,1,1,3,S
350,42,8.6625,male,0,0,3,S
351,23,9.225,male,0,0,3,S
352,28,35,male,0,0,1,S
353,15,7.2292,male,1,0,3,C
354,25,17.8,male,1,0,3,S
355,28,7.225,male,0,0,3,C
356,28,9.5,male,0,0,3,S
357,22,55,female,0,1,1,S
358,38,13,female,0,0,2,S
359,28,7.8792,female,0,1,3,Q
360,28,7.8792,female,0,1,3,Q
361,40,27.9,male,1,0,3,S
362,29,27.7208,male,1,0,2,C
363,45,14.4542,female,0,0,3,C
364,35,7.05,male,0,0,3,S
365,28,15.5,male,1,0,3,Q
366,30,7.25,male,0,0,3,S
367,60,75.25,female,1,1,1,C
368,28,7.2292,female,0,1,3,C
369,28,7.75,female,0,1,3,Q
370,24,69.3,female,0,1,1,C
371,25,55.4417,male,1,1,1,C
372,18,6.4958,male,1,0,3,S
373,19,8.05,male,0,0,3,S
374,22,135.6333,male,0,0,1,C
375,3,21.075,female,3,0,3,S
376,28,82.1708,female,1,1,1,C
377,22,7.25,female,0,1,3,S
378,27,211.5,male,0,0,1,C
379,20,4.0125,male,0,0,3,C
380,19,7.775,male,0,0,3,S
381,42,227.525,female,0,1,1,C
382,1,15.7417,female,0,1,3,C
383,32,7.925,male,0,0,3,S
384,35,52,female,1,1,1,S
385,28,7.8958,male,0,0,3,S
386,18,73.5,male,0,0,2,S
387,1,46.9,male,5,0,3,S
388,36,13,female,0,1,2,S
389,28,7.7292,male,0,0,3,Q
390,17,12,female,0,1,2,C
391,36,120,male,1,1,1,S
392,21,7.7958,male,0,1,3,S
393,28,7.925,male,2,0,3,S
394,23,113.275,female,1,1,1,C
395,24,16.7,female,0,1,3,S
396,22,7.7958,male,0,0,3,S
397,31,7.8542,female,0,0,3,S
398,46,26,male,0,0,2,S
399,23,10.5,male,0,0,2,S
400,28,12.65,female,0,1,2,S
401,39,7.925,male,0,1,3,S
402,26,8.05,male,0,0,3,S
403,21,9.825,female,1,0,3,S
404,28,15.85,male,1,0,3,S
405,20,8.6625,female,0,0,3,S
406,34,21,male,1,0,2,S
407,51,7.75,male,0,0,3,S
408,3,18.75,male,1,1,2,S
409,21,7.775,male,0,0,3,S
410,28,25.4667,female,3,0,3,S
411,28,7.8958,male,0,0,3,S
412,28,6.8583,male,0,0,3,Q
413,33,90,female,1,1,1,Q
414,28,0,male,0,0,2,S
415,44,7.925,male,0,1,3,S
416,28,8.05,female,0,0,3,S
417,34,32.5,female,1,1,2,S
418,18,13,female,0,1,2,S
419,30,13,male,0,0,2,S
420,10,24.15,female,0,0,3,S
421,28,7.8958,male,0,0,3,C
422,21,7.7333,male,0,0,3,Q
423,29,7.875,male,0,0,3,S
424,28,14.4,female,1,0,3,S
425,18,20.2125,male,1,0,3,S
426,28,7.25,male,0,0,3,S
427,28,26,female,1,1,2,S
428,19,26,female,0,1,2,S
429,28,7.75,male,0,0,3,Q
430,32,8.05,male,0,1,3,S
431,28,26.55,male,0,1,1,S
432,28,16.1,female,1,1,3,S
433,42,26,female,1,1,2,S
434,17,7.125,male,0,0,3,S
435,50,55.9,male,1,0,1,S
436,14,120,female,1,1,1,S
437,21,34.375,female,2,0,3,S
438,24,18.75,female,2,1,2,S
439,64,263,male,1,0,1,S
440,31,10.5,male,0,0,2,S
441,45,26.25,female,1,1,2,S
442,20,9.5,male,0,0,3,S
443,25,7.775,male,1,0,3,S
444,28,13,female,0,1,2,S
445,28,8.1125,male,0,1,3,S
446,4,81.8583,male,0,1,1,S
447,13,19.5,female,0,1,2,S
448,34,26.55,male,0,1,1,S
449,5,19.2583,female,2,1,3,C
450,52,30.5,male,0,1,1,S
451,36,27.75,male,1,0,2,S
452,28,19.9667,male,1,0,3,S
453,30,27.75,male,0,0,1,C
454,49,89.1042,male,1,1,1,C
455,28,8.05,male,0,0,3,S
456,29,7.8958,male,0,1,3,C
457,65,26.55,male,0,0,1,S
458,28,51.8625,female,1,1,1,S
459,50,10.5,female,0,1,2,S
460,28,7.75,male,0,0,3,Q
461,48,26.55,male,0,1,1,S
462,34,8.05,male,0,0,3,S
463,47,38.5,male,0,0,1,S
464,48,13,male,0,0,2,S
465,28,8.05,male,0,0,3,S
466,38,7.05,male,0,0,3,S
467,28,0,male,0,0,2,S
468,56,26.55,male,0,0,1,S
469,28,7.725,male,0,0,3,Q
470,0.75,19.2583,female,2,1,3,C
471,28,7.25,male,0,0,3,S
472,38,8.6625,male,0,0,3,S
473,33,27.75,female,1,1,2,S
474,23,13.7917,female,0,1,2,C
475,22,9.8375,female,0,0,3,S
476,28,52,male,0,0,1,S
477,34,21,male,1,0,2,S
478,29,7.0458,male,1,0,3,S
479,22,7.5208,male,0,0,3,S
480,2,12.2875,female,0,1,3,S
481,9,46.9,male,5,0,3,S
482,28,0,male,0,0,2,S
483,50,8.05,male,0,0,3,S
484,63,9.5875,female,0,1,3,S
485,25,91.0792,male,1,1,1,C
486,28,25.4667,female,3,0,3,S
487,35,90,female,1,1,1,S
488,58,29.7,male,0,0,1,C
489,30,8.05,male,0,0,3,S
490,9,15.9,male,1,1,3,S
491,28,19.9667,male,1,0,3,S
492,21,7.25,male,0,0,3,S
493,55,30.5,male,0,0,1,S
494,71,49.5042,male,0,0,1,C
495,21,8.05,male,0,0,3,S
496,28,14.4583,male,0,0,3,C
497,54,78.2667,female,1,1,1,C
498,28,15.1,male,0,0,3,S
499,25,151.55,female,1,0,1,S
500,24,7.7958,male,0,0,3,S
501,17,8.6625,male,0,0,3,S
502,21,7.75,female,0,0,3,Q
503,28,7.6292,female,0,0,3,Q
504,37,9.5875,female,0,0,3,S
505,16,86.5,female,0,1,1,S
506,18,108.9,male,1,0,1,C
507,33,26,female,0,1,2,S
508,28,26.55,male,0,1,1,S
509,28,22.525,male,0,0,3,S
510,26,56.4958,male,0,1,3,S
511,29,7.75,male,0,1,3,Q
512,28,8.05,male,0,0,3,S
513,36,26.2875,male,0,1,1,S
514,54,59.4,female,1,1,1,C
515,24,7.4958,male,0,0,3,S
516,47,34.0208,male,0,0,1,S
517,34,10.5,female,0,1,2,S
518,28,24.15,male,0,0,3,Q
519,36,26,female,1,1,2,S
520,32,7.8958,male,0,0,3,S
521,30,93.5,female,0,1,1,S
522,22,7.8958,male,0,0,3,S
523,28,7.225,male,0,0,3,C
524,44,57.9792,female,0,1,1,C
525,28,7.2292,male,0,0,3,C
526,40.5,7.75,male,0,0,3,Q
527,50,10.5,female,0,1,2,S
528,28,221.7792,male,0,0,1,S
529,39,7.925,male,0,0,3,S
530,23,11.5,male,2,0,2,S
531,2,26,female,1,1,2,S
532,28,7.2292,male,0,0,3,C
533,17,7.2292,male,1,0,3,C
534,28,22.3583,female,0,1,3,C
535,30,8.6625,female,0,0,3,S
536,7,26.25,female,0,1,2,S
537,45,26.55,male,0,0,1,S
538,30,106.425,female,0,1,1,C
539,28,14.5,male,0,0,3,S
540,22,49.5,female,0,1,1,C
541,36,71,female,0,1,1,S
542,9,31.275,female,4,0,3,S
543,11,31.275,female,4,0,3,S
544,32,26,male,1,1,2,S
545,50,106.425,male,1,0,1,C
546,64,26,male,0,0,1,S
547,19,26,female,1,1,2,S
548,28,13.8625,male,0,1,2,C
549,33,20.525,male,1,0,3,S
550,8,36.75,male,1,1,2,S
551,17,110.8833,male,0,1,1,C
552,27,26,male,0,0,2,S
553,28,7.8292,male,0,0,3,Q
554,22,7.225,male,0,1,3,C
555,22,7.775,female,0,1,3,S
556,62,26.55,male,0,0,1,S
557,48,39.6,female,1,1,1,C
558,28,227.525,male,0,0,1,C
559,39,79.65,female,1,1,1,S
560,36,17.4,female,1,1,3,S
561,28,7.75,male,0,0,3,Q
562,40,7.8958,male,0,0,3,S
563,28,13.5,male,0,0,2,S
564,28,8.05,male,0,0,3,S
565,28,8.05,female,0,0,3,S
566,24,24.15,male,2,0,3,S
567,19,7.8958,male,0,0,3,S
568,29,21.075,female,0,0,3,S
569,28,7.2292,male,0,0,3,C
570,32,7.8542,male,0,1,3,S
571,62,10.5,male,0,1,2,S
572,53,51.4792,female,2,1,1,S
573,36,26.3875,male,0,1,1,S
574,28,7.75,female,0,1,3,Q
575,16,8.05,male,0,0,3,S
576,19,14.5,male,0,0,3,S
577,34,13,female,0,1,2,S
578,39,55.9,female,1,1,1,S
579,28,14.4583,female,1,0,3,C
580,32,7.925,male,0,1,3,S
581,25,30,female,1,1,2,S
582,39,110.8833,female,1,1,1,C
583,54,26,male,0,0,2,S
584,36,40.125,male,0,0,1,C
585,28,8.7125,male,0,0,3,C
586,18,79.65,female,0,1,1,S
587,47,15,male,0,0,2,S
588,60,79.2,male,1,1,1,C
589,22,8.05,male,0,0,3,S
590,28,8.05,male,0,0,3,S
591,35,7.125,male,0,0,3,S
592,52,78.2667,female,1,1,1,C
593,47,7.25,male,0,0,3,S
594,28,7.75,female,0,0,3,Q
595,37,26,male,1,0,2,S
596,36,24.15,male,1,0,3,S
597,28,33,female,0,1,2,S
598,49,0,male,0,0,3,S
599,28,7.225,male,0,0,3,C
600,49,56.9292,male,1,1,1,C
601,24,27,female,2,1,2,S
602,28,7.8958,male,0,0,3,S
603,28,42.4,male,0,0,1,S
604,44,8.05,male,0,0,3,S
605,35,26.55,male,0,1,1,C
606,36,15.55,male,1,0,3,S
607,30,7.8958,male,0,0,3,S
608,27,30.5,male,0,1,1,S
609,22,41.5792,female,1,1,2,C
610,40,153.4625,female,0,1,1,S
611,39,31.275,female,1,0,3,S
612,28,7.05,male,0,0,3,S
613,28,15.5,female,1,1,3,Q
614,28,7.75,male,0,0,3,Q
615,35,8.05,male,0,0,3,S
616,24,65,female,1,1,2,S
617,34,14.4,male,1,0,3,S
618,26,16.1,female,1,0,3,S
619,4,39,female,2,1,2,S
620,26,10.5,male,0,0,2,S
621,27,14.4542,male,1,0,3,C
622,42,52.5542,male,1,1,1,S
623,20,15.7417,male,1,1,3,C
624,21,7.8542,male,0,0,3,S
625,21,16.1,male,0,0,3,S
626,61,32.3208,male,0,0,1,S
627,57,12.35,male,0,0,2,Q
628,21,77.9583,female,0,1,1,S
629,26,7.8958,male,0,0,3,S
630,28,7.7333,male,0,0,3,Q
631,80,30,male,0,1,1,S
632,51,7.0542,male,0,0,3,S
633,32,30.5,male,0,1,1,C
634,28,0,male,0,0,1,S
635,9,27.9,female,3,0,3,S
636,28,13,female,0,1,2,S
637,32,7.925,male,0,0,3,S
638,31,26.25,male,1,0,2,S
639,41,39.6875,female,0,0,3,S
640,28,16.1,male,1,0,3,S
641,20,7.8542,male,0,0,3,S
642,24,69.3,female,0,1,1,C
643,2,27.9,female,3,0,3,S
644,28,56.4958,male,0,1,3,S
645,0.75,19.2583,female,2,1,3,C
646,48,76.7292,male,1,1,1,C
647,19,7.8958,male,0,0,3,S
648,56,35.5,male,0,1,1,C
649,28,7.55,male,0,0,3,S
650,23,7.55,female,0,1,3,S
651,28,7.8958,male,0,0,3,S
652,18,23,female,0,1,2,S
653,21,8.4333,male,0,0,3,S
654,28,7.8292,female,0,1,3,Q
655,18,6.75,female,0,0,3,Q
656,24,73.5,male,2,0,2,S
657,28,7.8958,male,0,0,3,S
658,32,15.5,female,1,0,3,Q
659,23,13,male,0,0,2,S
660,58,113.275,male,0,0,1,C
661,50,133.65,male,2,1,1,S
662,40,7.225,male,0,0,3,C
663,47,25.5875,male,0,0,1,S
664,36,7.4958,male,0,0,3,S
665,20,7.925,male,1,1,3,S
666,32,73.5,male,2,0,2,S
667,25,13,male,0,0,2,S
668,28,7.775,male,0,0,3,S
669,43,8.05,male,0,0,3,S
670,28,52,female,1,1,1,S
671,40,39,female,1,1,2,S
672,31,52,male,1,0,1,S
673,70,10.5,male,0,0,2,S
674,31,13,male,0,1,2,S
675,28,0,male,0,0,2,S
676,18,7.775,male,0,0,3,S
677,24.5,8.05,male,0,0,3,S
678,18,9.8417,female,0,1,3,S
679,43,46.9,female,1,0,3,S
680,36,512.3292,male,0,1,1,C
681,28,8.1375,female,0,0,3,Q
682,27,76.7292,male,0,1,1,C
683,20,9.225,male,0,0,3,S
684,14,46.9,male,5,0,3,S
685,60,39,male,1,0,2,S
686,25,41.5792,male,1,0,2,C
687,14,39.6875,male,4,0,3,S
688,19,10.1708,male,0,0,3,S
689,18,7.7958,male,0,0,3,S
690,15,211.3375,female,0,1,1,S
691,31,57,male,1,1,1,S
692,4,13.4167,female,0,1,3,C
693,28,56.4958,male,0,1,3,S
694,25,7.225,male,0,0,3,C
695,60,26.55,male,0,0,1,S
696,52,13.5,male,0,0,2,S
697,44,8.05,male,0,0,3,S
698,28,7.7333,female,0,1,3,Q
699,49,110.8833,male,1,0,1,C
700,42,7.65,male,0,0,3,S
701,18,227.525,female,1,1,1,C
702,35,26.2875,male,0,1,1,S
703,18,14.4542,female,0,0,3,C
704,25,7.7417,male,0,0,3,Q
705,26,7.8542,male,1,0,3,S
706,39,26,male,0,0,2,S
707,45,13.5,female,0,1,2,S
708,42,26.2875,male,0,1,1,S
709,22,151.55,female,0,1,1,S
710,28,15.2458,male,1,1,3,C
711,24,49.5042,female,0,1,1,C
712,28,26.55,male,0,0,1,S
713,48,52,male,1,1,1,S
714,29,9.4833,male,0,0,3,S
715,52,13,male,0,0,2,S
716,19,7.65,male,0,0,3,S
717,38,227.525,female,0,1,1,C
718,27,10.5,female,0,1,2,S
719,28,15.5,male,0,0,3,Q
720,33,7.775,male,0,0,3,S
721,6,33,female,0,1,2,S
722,17,7.0542,male,1,0,3,S
723,34,13,male,0,0,2,S
724,50,13,male,0,0,2,S
725,27,53.1,male,1,1,1,S
726,20,8.6625,male,0,0,3,S
727,30,21,female,3,1,2,S
728,28,7.7375,female,0,1,3,Q
729,25,26,male,1,0,2,S
730,25,7.925,female,1,0,3,S
731,29,211.3375,female,0,1,1,S
732,11,18.7875,male,0,0,3,C
733,28,0,male,0,0,2,S
734,23,13,male,0,0,2,S
735,23,13,male,0,0,2,S
736,28.5,16.1,male,0,0,3,S
737,48,34.375,female,1,0,3,S
738,35,512.3292,male,0,1,1,C
739,28,7.8958,male,0,0,3,S
740,28,7.8958,male,0,0,3,S
741,28,30,male,0,1,1,S
742,36,78.85,male,1,0,1,S
743,21,262.375,female,2,1,1,C
744,24,16.1,male,1,0,3,S
745,31,7.925,male,0,1,3,S
746,70,71,male,1,0,1,S
747,16,20.25,male,1,0,3,S
748,30,13,female,0,1,2,S
749,19,53.1,male,1,0,1,S
750,31,7.75,male,0,0,3,Q
751,4,23,female,1,1,2,S
752,6,12.475,male,0,1,3,S
753,33,9.5,male,0,0,3,S
754,23,7.8958,male,0,0,3,S
755,48,65,female,1,1,2,S
756,0.67,14.5,male,1,1,2,S
757,28,7.7958,male,0,0,3,S
758,18,11.5,male,0,0,2,S
759,34,8.05,male,0,0,3,S
760,33,86.5,female,0,1,1,S
761,28,14.5,male,0,0,3,S
762,41,7.125,male,0,0,3,S
763,20,7.2292,male,0,1,3,C
764,36,120,female,1,1,1,S
765,16,7.775,male,0,0,3,S
766,51,77.9583,female,1,1,1,S
767,28,39.6,male,0,0,1,C
768,30.5,7.75,female,0,0,3,Q
769,28,24.15,male,1,0,3,Q
770,32,8.3625,male,0,0,3,S
771,24,9.5,male,0,0,3,S
772,48,7.8542,male,0,0,3,S
773,57,10.5,female,0,0,2,S
774,28,7.225,male,0,0,3,C
775,54,23,female,1,1,2,S
776,18,7.75,male,0,0,3,S
777,28,7.75,male,0,0,3,Q
778,5,12.475,female,0,1,3,S
779,28,7.7375,male,0,0,3,Q
780,43,211.3375,female,0,1,1,S
781,13,7.2292,female,0,1,3,C
782,17,57,female,1,1,1,S
783,29,30,male,0,0,1,S
784,28,23.45,male,1,0,3,S
785,25,7.05,male,0,0,3,S
786,25,7.25,male,0,0,3,S
787,18,7.4958,female,0,1,3,S
788,8,29.125,male,4,0,3,Q
789,1,20.575,male,1,1,3,S
790,46,79.2,male,0,0,1,C
791,28,7.75,male,0,0,3,Q
792,16,26,male,0,0,2,S
793,28,69.55,female,8,0,3,S
794,28,30.6958,male,0,0,1,C
795,25,7.8958,male,0,0,3,S
796,39,13,male,0,0,2,S
797,49,25.9292,female,0,1,1,S
798,31,8.6833,female,0,1,3,S
799,30,7.2292,male,0,0,3,C
800,30,24.15,female,1,0,3,S
801,34,13,male,0,0,2,S
802,31,26.25,female,1,1,2,S
803,11,120,male,1,1,1,S
804,0.42,8.5167,male,0,1,3,C
805,27,6.975,male,0,1,3,S
806,31,7.775,male,0,0,3,S
807,39,0,male,0,0,1,S
808,18,7.775,female,0,0,3,S
809,39,13,male,0,0,2,S
810,33,53.1,female,1,1,1,S
811,26,7.8875,male,0,0,3,S
812,39,24.15,male,0,0,3,S
813,35,10.5,male,0,0,2,S
814,6,31.275,female,4,0,3,S
815,30.5,8.05,male,0,0,3,S
816,28,0,male,0,0,1,S
817,23,7.925,female,0,0,3,S
818,31,37.0042,male,1,0,2,C
819,43,6.45,male,0,0,3,S
820,10,27.9,male,3,0,3,S
821,52,93.5,female,1,1,1,S
822,27,8.6625,male,0,1,3,S
823,38,0,male,0,0,1,S
824,27,12.475,female,0,1,3,S
825,2,39.6875,male,4,0,3,S
826,28,6.95,male,0,0,3,Q
827,28,56.4958,male,0,0,3,S
828,1,37.0042,male,0,1,2,C
829,28,7.75,male,0,1,3,Q
830,62,80,female,0,1,1,
831,15,14.4542,female,1,1,3,C
832,0.83,18.75,male,1,1,2,S
833,28,7.2292,male,0,0,3,C
834,23,7.8542,male,0,0,3,S
835,18,8.3,male,0,0,3,S
836,39,83.1583,female,1,1,1,C
837,21,8.6625,male,0,0,3,S
838,28,8.05,male,0,0,3,S
839,32,56.4958,male,0,1,3,S
840,28,29.7,male,0,1,1,C
841,20,7.925,male,0,0,3,S
842,16,10.5,male,0,0,2,S
843,30,31,female,0,1,1,C
844,34.5,6.4375,male,0,0,3,C
845,17,8.6625,male,0,0,3,S
846,42,7.55,male,0,0,3,S
847,28,69.55,male,8,0,3,S
848,35,7.8958,male,0,0,3,C
849,28,33,male,0,0,2,S
850,28,89.1042,female,1,1,1,C
851,4,31.275,male,4,0,3,S
852,74,7.775,male,0,0,3,S
853,9,15.2458,female,1,0,3,C
854,16,39.4,female,0,1,1,S
855,44,26,female,1,0,2,S
856,18,9.35,female,0,1,3,S
857,45,164.8667,female,1,1,1,S
858,51,26.55,male,0,1,1,S
859,24,19.2583,female,0,1,3,C
860,28,7.2292,male,0,0,3,C
861,41,14.1083,male,2,0,3,S
862,21,11.5,male,1,0,2,S
863,48,25.9292,female,0,1,1,S
864,28,69.55,female,8,0,3,S
865,24,13,male,0,0,2,S
866,42,13,female,0,1,2,S
867,27,13.8583,female,1,1,2,C
868,31,50.4958,male,0,0,1,S
869,28,9.5,male,0,0,3,S
870,4,11.1333,male,1,1,3,S
871,26,7.8958,male,0,0,3,S
872,47,52.5542,female,1,1,1,S
873,33,5,male,0,0,1,S
874,47,9,male,0,0,3,S
875,28,24,female,1,1,2,C
876,15,7.225,female,0,1,3,C
877,20,9.8458,male,0,0,3,S
878,19,7.8958,male,0,0,3,S
879,28,7.8958,male,0,0,3,S
880,56,83.1583,female,0,1,1,C
881,25,26,female,0,1,2,S
882,33,7.8958,male,0,0,3,S
883,22,10.5167,female,0,0,3,S
884,28,10.5,male,0,0,2,S
885,25,7.05,male,0,0,3,S
886,39,29.125,female,0,0,3,Q
887,27,13,male,0,0,2,S
888,19,30,female,0,1,1,S
889,28,23.45,female,1,0,3,S
890,26,30,male,0,1,1,C
891,32,7.75,male,0,0,3,Q
892,34.5,7.8292,male,0,0,3,Q
893,47,7,female,1,0,3,S
894,62,9.6875,male,0,0,2,Q
895,27,8.6625,male,0,0,3,S
896,22,12.2875,female,1,0,3,S
897,14,9.225,male,0,0,3,S
898,30,7.6292,female,0,0,3,Q
899,26,29,male,1,0,2,S
900,18,7.2292,female,0,0,3,C
901,21,24.15,male,2,0,3,S
902,28,7.8958,male,0,0,3,S
903,46,26,male,0,0,1,S
904,23,82.2667,female,1,0,1,S
905,63,26,male,1,0,2,S
906,47,61.175,female,1,0,1,S
907,24,27.7208,female,1,0,2,C
908,35,12.35,male,0,0,2,Q
909,21,7.225,male,0,0,3,C
910,27,7.925,female,1,0,3,S
911,45,7.225,female,0,0,3,C
912,55,59.4,male,1,0,1,C
913,9,3.1708,male,0,0,3,S
914,28,31.6833,female,0,0,1,S
915,21,61.3792,male,0,0,1,C
916,48,262.375,female,1,0,1,C
917,50,14.5,male,1,0,3,S
918,22,61.9792,female,0,0,1,C
919,22.5,7.225,male,0,0,3,C
920,41,30.5,male,0,0,1,S
921,28,21.6792,male,2,0,3,C
922,50,26,male,1,0,2,S
923,24,31.5,male,2,0,2,S
924,33,20.575,female,1,0,3,S
925,28,23.45,female,1,0,3,S
926,30,57.75,male,1,0,1,C
927,18.5,7.2292,male,0,0,3,C
928,28,8.05,female,0,0,3,S
929,21,8.6625,female,0,0,3,S
930,25,9.5,male,0,0,3,S
931,28,56.4958,male,0,0,3,S
932,39,13.4167,male,0,0,3,C
933,28,26.55,male,0,0,1,S
934,41,7.85,male,0,0,3,S
935,30,13,female,0,0,2,S
936,45,52.5542,female,1,0,1,S
937,25,7.925,male,0,0,3,S
938,45,29.7,male,0,0,1,C
939,28,7.75,male,0,0,3,Q
940,60,76.2917,female,0,0,1,C
941,36,15.9,female,0,0,3,S
942,24,60,male,1,0,1,S
943,27,15.0333,male,0,0,2,C
944,20,23,female,2,0,2,S
945,28,263,female,3,0,1,S
946,28,15.5792,male,0,0,2,C
947,10,29.125,male,4,0,3,Q
948,35,7.8958,male,0,0,3,S
949,25,7.65,male,0,0,3,S
950,28,16.1,male,1,0,3,S
951,36,262.375,female,0,0,1,C
952,17,7.8958,male,0,0,3,S
953,32,13.5,male,0,0,2,S
954,18,7.75,male,0,0,3,S
955,22,7.725,female,0,0,3,Q
956,13,262.375,male,2,0,1,C
957,28,21,female,0,0,2,S
958,18,7.8792,female,0,0,3,Q
959,47,42.4,male,0,0,1,S
960,31,28.5375,male,0,0,1,C
961,60,263,female,1,0,1,S
962,24,7.75,female,0,0,3,Q
963,21,7.8958,male,0,0,3,S
964,29,7.925,female,0,0,3,S
965,28.5,27.7208,male,0,0,1,C
966,35,211.5,female,0,0,1,C
967,32.5,211.5,male,0,0,1,C
968,28,8.05,male,0,0,3,S
969,55,25.7,female,2,0,1,S
970,30,13,male,0,0,2,S
971,24,7.75,female,0,0,3,Q
972,6,15.2458,male,1,0,3,C
973,67,221.7792,male,1,0,1,S
974,49,26,male,0,0,1,S
975,28,7.8958,male,0,0,3,S
976,28,10.7083,male,0,0,2,Q
977,28,14.4542,male,1,0,3,C
978,27,7.8792,female,0,0,3,Q
979,18,8.05,female,0,0,3,S
980,28,7.75,female,0,0,3,Q
981,2,23,male,1,0,2,S
982,22,13.9,female,1,0,3,S
983,28,7.775,male,0,0,3,S
984,27,52,female,1,0,1,S
985,28,8.05,male,0,0,3,S
986,25,26,male,0,0,1,C
987,25,7.7958,male,0,0,3,S
988,76,78.85,female,1,0,1,S
989,29,7.925,male,0,0,3,S
990,20,7.8542,female,0,0,3,S
991,33,8.05,male,0,0,3,S
992,43,55.4417,female,1,0,1,C
993,27,26,male,1,0,2,S
994,28,7.75,male,0,0,3,Q
995,26,7.775,male,0,0,3,S
996,16,8.5167,female,1,0,3,C
997,28,22.525,male,0,0,3,S
998,21,7.8208,male,0,0,3,Q
999,28,7.75,male,0,0,3,Q
1000,28,8.7125,male,0,0,3,S
1001,18.5,13,male,0,0,2,S
1002,41,15.0458,male,0,0,2,C
1003,28,7.7792,female,0,0,3,Q
1004,36,31.6792,female,0,0,1,C
1005,18.5,7.2833,female,0,0,3,Q
1006,63,221.7792,female,1,0,1,S
1007,18,14.4542,male,1,0,3,C
1008,28,6.4375,male,0,0,3,C
1009,1,16.7,female,1,0,3,S
1010,36,75.2417,male,0,0,1,C
1011,29,26,female,1,0,2,S
1012,12,15.75,female,0,0,2,S
1013,28,7.75,male,1,0,3,Q
1014,35,57.75,female,1,0,1,C
1015,28,7.25,male,0,0,3,S
1016,28,7.75,male,0,0,3,Q
1017,17,16.1,female,0,0,3,S
1018,22,7.7958,male,0,0,3,S
1019,28,23.25,female,2,0,3,Q
1020,42,13,male,0,0,2,S
1021,24,8.05,male,0,0,3,S
1022,32,8.05,male,0,0,3,S
1023,53,28.5,male,0,0,1,C
1024,28,25.4667,female,0,0,3,S
1025,28,6.4375,male,1,0,3,C
1026,43,7.8958,male,0,0,3,S
1027,24,7.8542,male,0,0,3,S
1028,26.5,7.225,male,0,0,3,C
1029,26,13,male,0,0,2,S
1030,23,8.05,female,0,0,3,S
1031,40,46.9,male,1,0,3,S
1032,10,46.9,female,5,0,3,S
1033,33,151.55,female,0,0,1,S
1034,61,262.375,male,1,0,1,C
1035,28,26,male,0,0,2,S
1036,42,26.55,male,0,0,1,S
1037,31,18,male,3,0,3,S
1038,28,51.8625,male,0,0,1,S
1039,22,8.05,male,0,0,3,S
1040,28,26.55,male,0,0,1,S
1041,30,26,male,1,0,2,S
1042,23,83.1583,female,0,0,1,C
1043,28,7.8958,male,0,0,3,C
1044,60.5,14.4542,male,0,0,3,S
1045,36,12.1833,female,0,0,3,S
1046,13,31.3875,male,4,0,3,S
1047,24,7.55,male,0,0,3,S
1048,29,221.7792,female,0,0,1,S
1049,23,7.8542,female,0,0,3,S
1050,42,26.55,male,0,0,1,S
1051,26,13.775,female,0,0,3,S
1052,28,7.7333,female,0,0,3,Q
1053,7,15.2458,male,1,0,3,C
1054,26,13.5,female,0,0,2,S
1055,28,7,male,0,0,3,S
1056,41,13,male,0,0,2,S
1057,26,22.025,female,1,0,3,S
1058,48,50.4958,male,0,0,1,C
1059,18,34.375,male,2,0,3,S
1060,28,27.7208,female,0,0,1,C
1061,22,8.9625,female,0,0,3,S
1062,28,7.55,male,0,0,3,S
1063,27,7.225,male,0,0,3,C
1064,23,13.9,male,1,0,3,S
1065,28,7.2292,male,0,0,3,C
1066,40,31.3875,male,1,0,3,S
1067,15,39,female,0,0,2,S
1068,20,36.75,female,0,0,2,S
1069,54,55.4417,male,1,0,1,C
1070,36,39,female,0,0,2,S
1071,64,83.1583,female,0,0,1,C
1072,30,13,male,0,0,2,S
1073,37,83.1583,male,1,0,1,C
1074,18,53.1,female,1,0,1,S
1075,28,7.75,male,0,0,3,Q
1076,27,247.5208,female,1,0,1,C
1077,40,16,male,0,0,2,S
1078,21,21,female,0,0,2,S
1079,17,8.05,male,2,0,3,S
1080,28,69.55,female,8,0,3,S
1081,40,13,male,0,0,2,S
1082,34,26,male,1,0,2,S
1083,28,26,male,0,0,1,S
1084,11.5,14.5,male,1,0,3,S
1085,61,12.35,male,0,0,2,Q
1086,8,32.5,male,0,0,2,S
1087,33,7.8542,male,0,0,3,S
1088,6,134.5,male,0,0,1,C
1089,18,7.775,female,0,0,3,S
1090,23,10.5,male,0,0,2,S
1091,28,8.1125,female,0,0,3,S
1092,28,15.5,female,0,0,3,Q
1093,0.33,14.4,male,0,0,3,S
1094,47,227.525,male,1,0,1,C
1095,8,26,female,1,0,2,S
1096,25,10.5,male,0,0,2,S
1097,28,25.7417,male,0,0,1,C
1098,35,7.75,female,0,0,3,Q
1099,24,10.5,male,0,0,2,S
1100,33,27.7208,female,0,0,1,C
1101,25,7.8958,male,0,0,3,S
1102,32,22.525,male,0,0,3,S
1103,28,7.05,male,0,0,3,S
1104,17,73.5,male,0,0,2,S
1105,60,26,female,1,0,2,S
1106,38,7.775,female,4,0,3,S
1107,42,42.5,male,0,0,1,S
1108,28,7.8792,female,0,0,3,Q
1109,57,164.8667,male,1,0,1,S
1110,50,211.5,female,1,0,1,C
1111,28,8.05,male,0,0,3,S
1112,30,13.8583,female,1,0,2,C
1113,21,8.05,male,0,0,3,S
1114,22,10.5,female,0,0,2,S
1115,21,7.7958,male,0,0,3,S
1116,53,27.4458,female,0,0,1,C
1117,28,15.2458,female,0,0,3,C
1118,23,7.7958,male,0,0,3,S
1119,28,7.75,female,0,0,3,Q
1120,40.5,15.1,male,0,0,3,S
1121,36,13,male,0,0,2,S
1122,14,65,male,0,0,2,S
1123,21,26.55,female,0,0,1,S
1124,21,6.4958,male,1,0,3,S
1125,28,7.8792,male,0,0,3,Q
1126,39,71.2833,male,1,0,1,C
1127,20,7.8542,male,0,0,3,S
1128,64,75.25,male,1,0,1,C
1129,20,7.225,male,0,0,3,C
1130,18,13,female,1,0,2,S
1131,48,106.425,female,1,0,1,C
1132,55,27.7208,female,0,0,1,C
1133,45,30,female,0,0,2,S
1134,45,134.5,male,1,0,1,C
1135,28,7.8875,male,0,0,3,S
1136,28,23.45,male,1,0,3,S
1137,41,51.8625,male,1,0,1,S
1138,22,21,female,0,0,2,S
1139,42,32.5,male,1,0,2,S
1140,29,26,female,1,0,2,S
1141,28,14.4542,female,1,0,3,C
1142,0.92,27.75,female,1,0,2,S
1143,20,7.925,male,0,0,3,S
1144,27,136.7792,male,1,0,1,C
1145,24,9.325,male,0,0,3,S
1146,32.5,9.5,male,0,0,3,S
1147,28,7.55,male,0,0,3,S
1148,28,7.75,male,0,0,3,Q
1149,28,8.05,male,0,0,3,S
1150,19,13,female,0,0,2,S
1151,21,7.775,male,0,0,3,S
1152,36.5,17.4,male,1,0,3,S
1153,21,7.8542,male,0,0,3,S
1154,29,23,female,0,0,2,S
1155,1,12.1833,female,1,0,3,S
1156,30,12.7375,male,0,0,2,C
1157,28,7.8958,male,0,0,3,S
1158,28,0,male,0,0,1,S
1159,28,7.55,male,0,0,3,S
1160,28,8.05,female,0,0,3,S
1161,17,8.6625,male,0,0,3,S
1162,46,75.2417,male,0,0,1,C
1163,28,7.75,male,0,0,3,Q
1164,26,136.7792,female,1,0,1,C
1165,28,15.5,female,1,0,3,Q
1166,28,7.225,male,0,0,3,C
1167,20,26,female,1,0,2,S
1168,28,10.5,male,0,0,2,S
1169,40,26,male,1,0,2,S
1170,30,21,male,1,0,2,S
1171,22,10.5,male,0,0,2,S
1172,23,8.6625,female,0,0,3,S
1173,0.75,13.775,male,1,0,3,S
1174,28,7.75,female,0,0,3,Q
1175,9,15.2458,female,1,0,3,C
1176,2,20.2125,female,1,0,3,S
1177,36,7.25,male,0,0,3,S
1178,28,7.25,male,0,0,3,S
1179,24,82.2667,male,1,0,1,S
1180,28,7.2292,male,0,0,3,C
1181,28,8.05,male,0,0,3,S
1182,28,39.6,male,0,0,1,S
1183,30,6.95,female,0,0,3,Q
1184,28,7.2292,male,0,0,3,C
1185,53,81.8583,male,1,0,1,S
1186,36,9.5,male,0,0,3,S
1187,26,7.8958,male,0,0,3,S
1188,1,41.5792,female,1,0,2,C
1189,28,21.6792,male,2,0,3,C
1190,30,45.5,male,0,0,1,S
1191,29,7.8542,male,0,0,3,S
1192,32,7.775,male,0,0,3,S
1193,28,15.0458,male,0,0,2,C
1194,43,21,male,0,0,2,S
1195,24,8.6625,male,0,0,3,S
1196,28,7.75,female,0,0,3,Q
1197,64,26.55,female,1,0,1,S
1198,30,151.55,male,1,0,1,S
1199,0.83,9.35,male,0,0,3,S
1200,55,93.5,male,1,0,1,S
1201,45,14.1083,female,1,0,3,S
1202,18,8.6625,male,0,0,3,S
1203,22,7.225,male,0,0,3,C
1204,28,7.575,male,0,0,3,S
1205,37,7.75,female,0,0,3,Q
1206,55,135.6333,female,0,0,1,C
1207,17,7.7333,female,0,0,3,Q
1208,57,146.5208,male,1,0,1,C
1209,19,10.5,male,0,0,2,S
1210,27,7.8542,male,0,0,3,S
1211,22,31.5,male,2,0,2,S
1212,26,7.775,male,0,0,3,S
1213,25,7.2292,male,0,0,3,C
1214,26,13,male,0,0,2,S
1215,33,26.55,male,0,0,1,S
1216,39,211.3375,female,0,0,1,S
1217,23,7.05,male,0,0,3,S
1218,12,39,female,2,0,2,S
1219,46,79.2,male,0,0,1,C
1220,29,26,male,1,0,2,S
1221,21,13,male,0,0,2,S
1222,48,36.75,female,0,0,2,S
1223,39,29.7,male,0,0,1,C
1224,28,7.225,male,0,0,3,C
1225,19,15.7417,female,1,0,3,C
1226,27,7.8958,male,0,0,3,S
1227,30,26,male,0,0,1,S
1228,32,13,male,0,0,2,S
1229,39,7.2292,male,0,0,3,C
1230,25,31.5,male,0,0,2,S
1231,28,7.2292,male,0,0,3,C
1232,18,10.5,male,0,0,2,S
1233,32,7.5792,male,0,0,3,S
1234,28,69.55,male,1,0,3,S
1235,58,512.3292,female,0,0,1,C
1236,28,14.5,male,1,0,3,S
1237,16,7.65,female,0,0,3,S
1238,26,13,male,0,0,2,S
1239,38,7.2292,female,0,0,3,C
1240,24,13.5,male,0,0,2,S
1241,31,21,female,0,0,2,S
1242,45,63.3583,female,0,0,1,C
1243,25,10.5,male,0,0,2,S
1244,18,73.5,male,0,0,2,S
1245,49,65,male,1,0,2,S
1246,0.17,20.575,female,1,0,3,S
1247,50,26,male,0,0,1,S
1248,59,51.4792,female,2,0,1,S
1249,28,7.8792,male,0,0,3,S
1250,28,7.75,male,0,0,3,Q
1251,30,15.55,female,1,0,3,S
1252,14.5,69.55,male,8,0,3,S
1253,24,37.0042,female,1,0,2,C
1254,31,21,female,0,0,2,S
1255,27,8.6625,male,0,0,3,S
1256,25,55.4417,female,1,0,1,C
1257,28,69.55,female,1,0,3,S
1258,28,14.4583,male,1,0,3,C
1259,22,39.6875,female,0,0,3,S
1260,45,59.4,female,0,0,1,C
1261,29,13.8583,male,0,0,2,C
1262,21,11.5,male,1,0,2,S
1263,31,134.5,female,0,0,1,C
1264,49,0,male,0,0,1,S
1265,44,13,male,0,0,2,S
1266,54,81.8583,female,1,0,1,S
1267,45,262.375,female,0,0,1,C
1268,22,8.6625,female,2,0,3,S
1269,21,11.5,male,0,0,2,S
1270,55,50,male,0,0,1,S
1271,5,31.3875,male,4,0,3,S
1272,28,7.75,male,0,0,3,Q
1273,26,7.8792,male,0,0,3,Q
1274,28,14.5,female,0,0,3,S
1275,19,16.1,female,1,0,3,S
1276,28,12.875,male,0,0,2,S
1277,24,65,female,1,0,2,S
1278,24,7.775,male,0,0,3,S
1279,57,13,male,0,0,2,S
1280,21,7.75,male,0,0,3,Q
1281,6,21.075,male,3,0,3,S
1282,23,93.5,male,0,0,1,S
1283,51,39.4,female,0,0,1,S
1284,13,20.25,male,0,0,3,S
1285,47,10.5,male,0,0,2,S
1286,29,22.025,male,3,0,3,S
1287,18,60,female,1,0,1,S
1288,24,7.25,male,0,0,3,Q
1289,48,79.2,female,1,0,1,C
1290,22,7.775,male,0,0,3,S
1291,31,7.7333,male,0,0,3,Q
1292,30,164.8667,female,0,0,1,S
1293,38,21,male,1,0,2,S
1294,22,59.4,female,0,0,1,C
1295,17,47.1,male,0,0,1,S
1296,43,27.7208,male,1,0,1,C
1297,20,13.8625,male,0,0,2,C
1298,23,10.5,male,1,0,2,S
1299,50,211.5,male,1,0,1,C
1300,28,7.7208,female,0,0,3,Q
1301,3,13.775,female,1,0,3,S
1302,28,7.75,female,0,0,3,Q
1303,37,90,female,1,0,1,Q
1304,28,7.775,female,0,0,3,S
1305,28,8.05,male,0,0,3,S
1306,39,108.9,female,0,0,1,C
1307,38.5,7.25,male,0,0,3,S
1308,28,8.05,male,0,0,3,S
1309,28,22.3583,male,1,0,3,C
